{
  "requireCurlyBraces": ["if", "else", "for", "while", "do", "try", "catch"],
  "requireSpaceAfterKeywords": [
    "if",
    "else",
    "for",
    "while",
    "do",
    "switch",
    "return",
    "try",
    "catch"
  ],
  "requireParenthesesAroundIIFE": true,
  "requireRightStickedOperators": ["!"],
  "requireLeftStickedOperators": [","],
  "requireSpacesInFunctionExpression": {
      "beforeOpeningCurlyBrace": true
  },
  "disallowSpacesInFunctionExpression": {
      "beforeOpeningRoundBrace": true
  },
  "disallowLeftStickedOperators": [
    "?",
    "+",
    "/",
    "*",
    "=",
    "==",
    "===",
    "!=",
    "!==",
    ">",
    ">=",
    "<",
    "<="
  ],
  "disallowRightStickedOperators": [
    "?",
    "+",
    "/",
    "*",
    ":",
    "=",
    "==",
    "===",
    "!=",
    "!==",
    ">",
    ">=",
    "<",
    "<="
  ],
  "disallowKeywords": ["with"],
  "disallowMultipleLineBreaks": true,
  "disallowKeywordsOnNewLine": ["else"],
  "disallowSpacesInsideObjectBrackets": true,
  "disallowSpacesInsideArrayBrackets": true,
  "disallowSpacesInsideParentheses": true,
  "disallowTrailingWhitespace": true,
  "disallowSpaceAfterObjectKeys": true,
  "disallowMultipleVarDecl": true,
  "requireLineFeedAtFileEnd": true,
  "requireCommaBeforeLineBreak": true,
  "requireOperatorBeforeLineBreak": [
    "?",
    "+",
    "-",
    "/",
    "*",
    "=",
    "==",
    "===",
    "!=",
    "!==",
    ">",
    ">=",
    "<",
    "<="
  ],
  "requireSpaceBeforeBinaryOperators": [
    "+",
    "-",
    "/",
    "*",
    "=",
    "==",
    "===",
    "!=",
    "!=="
  ],
  "requireSpaceAfterBinaryOperators": [
    "+",
    "-",
    "/",
    "*",
    "=",
    "==",
    "===",
    "!=",
    "!=="
  ],
  "requireSpaceBeforeBlockStatements": true,
  "requireSpaceBeforeObjectValues": true,
  "disallowImplicitTypeConversion": ["boolean", "binary", "string"],
  "requireCamelCaseOrUpperCaseIdentifiers": true,
  "validateQuoteMarks": "'",
  "disallowMixedSpacesAndTabs": true,
  "requireCapitalizedConstructors": true,
  "safeContextKeyword": "self"
}
